{"cameraMode":{"drawMode":0,"name":"Shaded","section":"Shading Mode"},"sceneLighting":false,"audioPlay":false,"sceneViewState":{"m_AlwaysRefresh":false,"showFog":true,"showSkybox":true,"showFlares":true,"showImageEffects":true,"showParticleSystems":true,"showVisualEffectGraphs":true,"m_FxEnabled":true},"in2DMode":false,"pivot":{"x":1.6816058158874512,"y":-0.7746947407722473,"z":-1.9882770776748658},"rotation":{"x":0.055151376873254779,"y":-0.9374326467514038,"z":0.17373397946357728,"w":0.2964297831058502},"size":4.279310703277588,"orthographic":false}